-- phpMyAdmin SQL Dump
-- version 5.2.1
-- Host: 127.0.0.1
-- Server version: 10.4.32-MariaDB
-- PHP Version: 8.2.12

SET SQL_MODE = "NO_AUTO_VALUE_ON_ZERO";
START TRANSACTION;
SET time_zone = "+00:00";

CREATE DATABASE IF NOT EXISTS apartment;
USE apartment;

SET NAMES utf8mb4;

-- -------------------------------
-- Table: room
CREATE TABLE room (
  Room_Number INT NOT NULL,
  Room_size VARCHAR(45) DEFAULT NULL,
  Room_count VARCHAR(25) DEFAULT NULL,
  Amenities TEXT NOT NULL,
  PRIMARY KEY (Room_Number)
) ENGINE=InnoDB DEFAULT CHARSET=utf8mb4 COLLATE=utf8mb4_general_ci;
INSERT INTO `room` (`Room_Number`, `Room_size`, `Room_count`, `Amenities`) VALUES
(201, '28', 'Standard Room', 'FreeWi-Fi,SmartTV'),
(202, '28', 'Standard Room', 'FreeWi-Fi,SmartTV'),
(204, '28', 'Standard Room', 'FreeWi-Fi,SmartTV'),
(205, '28', 'Standard Room', 'FreeWi-Fi,SmartTV'),
(206, '28', 'Standard Room', 'FreeWi-Fi,SmartTV'),
(207, '28', 'Standard Room', 'FreeWi-Fi,SmartTV'),
(208, '28', 'Standard Room', 'FreeWi-Fi,SmartTV'),
(210, '40', 'Deluxe Room', 'FreeWi-Fi,SmartTV,WorkTable'),
(301, '37', 'Superior Room', 'FreeWi-Fi,SmartTV,WorkTable'),
(304, '28', 'Standard Room', 'FreeWi-Fi,SmartTV'),
(305, '28', 'Standard Room', 'FreeWi-Fi,SmartTV'),
(306, '28', 'Standard Room', 'FreeWi-Fi,SmartTV'),
(307, '28', 'Standard Room', 'FreeWi-Fi,SmartTV'),
(308, '28', 'Standard Room', 'FreeWi-Fi,SmartTV'),
(310, '28', 'Standard Room', 'FreeWi-Fi,SmartTV'),
(311, '28', 'Standard Room', 'FreeWi-Fi,SmartTV'),
(312, '40', 'Deluxe Room', 'FreeWi-Fi,SmartTV,WorkTable'),
(313, '28', 'Standard Room', 'FreeWi-Fi,SmartTV'),
(401, '28', 'Standard Room', 'FreeWi-Fi,SmartTV'),
(403, '28', 'Standard Room', 'FreeWi-Fi,SmartTV'),
(404, '28', 'Standard Room', 'FreeWi-Fi,SmartTV'),
(405, '28', 'Standard Room', 'FreeWi-Fi,SmartTV'),
(406, '28', 'Standard Room', 'FreeWi-Fi,SmartTV'),
(407, '28', 'Standard Room', 'FreeWi-Fi,SmartTV'),
(408, '28', 'Standard Room', 'FreeWi-Fi,SmartTV'),
(409, '28', 'Standard Room', 'FreeWi-Fi,SmartTV'),
(410, '28', 'Standard Room', 'FreeWi-Fi,SmartTV'),
(411, '28', 'Standard Room', 'FreeWi-Fi,SmartTV'),
(413, '28', 'Standard Room', 'FreeWi-Fi,SmartTV'),
(501, '28', 'Standard Room', 'FreeWi-Fi,SmartTV'),
(502, '106', 'Family Room', 'FreeWi-Fi,SmartTV,WorkTable,SafetyBox,TwoBedroom'),
(503, '28', 'Standard Room', 'FreeWi-Fi,SmartTV'),
(504, '28', 'Standard Room', 'FreeWi-Fi,SmartTV'),
(505, '28', 'Standard Room', 'FreeWi-Fi,SmartTV'),
(506, '28', 'Standard Room', 'FreeWi-Fi,SmartTV'),
(507, '28', 'Standard Room', 'FreeWi-Fi,SmartTV'),
(508, '28', 'Standard Room', 'FreeWi-Fi,SmartTV'),
(509, '28', 'Standard Room', 'FreeWi-Fi,SmartTV'),
(510, '68', 'Premier Room', 'FreeWi-Fi,SmartTV,WorkTable,SafetyBox'),
(511, '28', 'Standard Room', 'FreeWi-Fi,SmartTV'),
(601, '28', 'Standard Room', 'FreeWi-Fi,SmartTV'),
(602, '106', 'Family Room', 'FreeWi-Fi,SmartTV,WorkTable,SafetyBox,TwoBedroom'),
(604, '28', 'Standard Room', 'FreeWi-Fi,SmartTV'),
(605, '28', 'Standard Room', 'FreeWi-Fi,SmartTV'),
(606, '28', 'Standard Room', 'FreeWi-Fi,SmartTV'),
(607, '28', 'Standard Room', 'FreeWi-Fi,SmartTV'),
(608, '28', 'Standard Room', 'FreeWi-Fi,SmartTV'),
(609, '28', 'Standard Room', 'FreeWi-Fi,SmartTV'),
(610, '68', 'Premier Room', 'FreeWi-Fi,SmartTV,WorkTable,SafetyBox'),
(611, '28', 'Standard Room', 'FreeWi-Fi,SmartTV'),
(702, '28', 'Standard Room', 'FreeWi-Fi,SmartTV'),
(703, '28', 'Standard Room', 'FreeWi-Fi,SmartTV'),
(704, '28', 'Standard Room', 'FreeWi-Fi,SmartTV'),
(705, '28', 'Standard Room', 'FreeWi-Fi,SmartTV'),
(706, '28', 'Standard Room', 'FreeWi-Fi,SmartTV'),
(707, '28', 'Standard Room', 'FreeWi-Fi,SmartTV');

-- -------------------------------
-- Table: customer
CREATE TABLE customer (
  CustomerID VARCHAR(11) DEFAULT NULL,
  Room_Number INT(11) DEFAULT NULL,
  Contract_date DATE NOT NULL,
  Note TEXT NOT NULL,
  RoomPayment_date DATE NOT NULL,
  PRIMARY KEY (CustomerID),
  FOREIGN KEY (Room_Number) REFERENCES room(Room_Number)
    ON DELETE CASCADE ON UPDATE CASCADE
) ENGINE=InnoDB DEFAULT CHARSET=utf8mb4 COLLATE=utf8mb4_general_ci;
INSERT INTO `customer` (`CustomerID`, `Room_Number`, `Contract_date`, `Note`, `RoomPayment_date`) VALUES
('AP1001', 201, '2567-01-15', '', '0000-00-00'),
('AP1002', 202, '2564-01-06', '', '0000-00-00'),
('AP1003', 204, '2567-07-27', '', '0000-00-00'),
('AP1004', 205, '2565-06-17', '', '0000-00-00'),
('AP1005', 206, '2566-06-18', '', '0000-00-00'),
('AP1006', 207, '2568-05-06', '', '0000-00-00'),
('AP1007', 208, '2567-06-29', '', '0000-00-00'),
('AP1008', 210, '2567-09-12', '', '0000-00-00'),
('AP1009', 301, '2567-05-25', '', '0000-00-00'),
('AP1010', 304, '2567-01-02', '', '0000-00-00'),
('AP1011', 305, '2568-01-07', '', '0000-00-00'),
('AP1012', 306, '2568-11-06', '', '0000-00-00'),
('AP1013', 307, '2567-01-06', '', '0000-00-00'),
('AP1014', 308, '2567-04-27', '', '0000-00-00'),
('AP1015', 310, '2568-06-16', '', '0000-00-00'),
('AP1016', 311, '2568-06-15', '', '0000-00-00'),
('AP1017', 312, '2568-01-07', '', '0000-00-00'),
('AP1018', 313, '2567-06-16', '', '0000-00-00'),
('AP1019', 401, '2565-01-10', '', '0000-00-00'),
('AP1020', 403, '2568-05-07', '', '0000-00-00'),
('AP1021', 404, '2567-03-09', '', '0000-00-00'),
('AP1022', 405, '2568-07-29', '', '0000-00-00'),
('AP1023', 406, '2568-06-13', '', '0000-00-00'),
('AP1024', 407, '2567-07-29', '', '0000-00-00'),
('AP1025', 408, '2566-06-22', '', '0000-00-00'),
('AP1026', 409, '2568-01-07', '', '0000-00-00'),
('AP1027', 410, '2566-06-14', '', '0000-00-00'),
('AP1028', 411, '2568-12-06', '', '0000-00-00'),
('AP1029', 413, '2568-04-25', '', '0000-00-00'),
('AP1030', 501, '2567-11-06', '', '0000-00-00'),
('AP1031', 502, '2567-07-19', '', '0000-00-00'),
('AP1032', 503, '2568-06-19', '', '0000-00-00'),
('AP1033', 504, '2567-07-29', '', '0000-00-00'),
('AP1034', 505, '2568-12-06', '', '0000-00-00'),
('AP1035', 506, '2568-01-06', '', '0000-00-00'),
('AP1036', 507, '2568-07-04', '', '0000-00-00'),
('AP1037', 508, '2568-07-20', '', '0000-00-00'),
('AP1038', 509, '2567-02-01', '', '0000-00-00'),
('AP1039', 510, '2564-10-05', '', '0000-00-00'),
('AP1040', 511, '2567-07-01', '', '0000-00-00'),
('AP1041', 601, '1968-02-03', '', '0000-00-00'),
('AP1042', 602, '2568-02-06', '', '0000-00-00'),
('AP1043', 604, '2568-04-19', '', '0000-00-00'),
('AP1044', 605, '2566-03-05', '', '0000-00-00'),
('AP1045', 606, '2567-04-26', '', '0000-00-00'),
('AP1046', 607, '2568-05-07', '', '0000-00-00'),
('AP1047', 608, '2564-10-01', '', '0000-00-00'),
('AP1048', 609, '2567-06-05', '', '0000-00-00'),
('AP1049', 610, '2564-12-18', '', '0000-00-00'),
('AP1050', 611, '2563-12-31', '', '0000-00-00'),
('AP1051', 702, '2567-01-06', '', '0000-00-00'),
('AP1052', 703, '2567-01-09', '', '0000-00-00'),
('AP1053', 704, '2566-06-17', '', '0000-00-00'),
('AP1054', 705, '2566-09-25', '', '0000-00-00'),
('AP1055', 706, '2564-01-10', '', '0000-00-00'),
('AP1056', 707, '2567-06-13', '', '0000-00-00');


-- -------------------------------
-- Table: rate 
CREATE TABLE rate (
  RateID VARCHAR(11) DEFAULT NULL,
  Electricity_unit INT(45) DEFAULT NULL,
  Water_unit INT(45) DEFAULT NULL,
  PRIMARY KEY (RateID)
) ENGINE=InnoDB DEFAULT CHARSET=utf8mb4 COLLATE=utf8mb4_general_ci;
INSERT INTO `rate` (`RateID`, `Electricity_unit`, `Water_unit`) VALUES
('R001', 63, 1),
('R002', 143, 1),
('R003', 125, 1),
('R004', 218, 1),
('R005', 62, 2),
('R006', 200, 1),
('R007', 49, 1),
('R008', 61, 1),
('R009', 269, 2),
('R010', 87, 1),
('R011', 66, 1),
('R012', 49, 1),
('R013', 195, 1),
('R014', 105, 1),
('R015', 125, 2),
('R016', 69, 1),
('R017', 70, 1),
('R018', 144, 1),
('R019', 231, 2),
('R020', 67, 2),
('R021', 125, 1),
('R022', 14, 1),
('R023', 33, 1),
('R024', 202, 1),
('R025', 133, 1),
('R026', 65, 1),
('R027', 200, 2),
('R028', 199, 1),
('R029', 140, 1),
('R030', 136, 2),
('R031', 304, 1),
('R032', 303, 2),
('R033', 91, 1),
('R034', 159, 1),
('R035', 301, 1),
('R036', 253, 2),
('R037', 32, 1),
('R038', 105, 2),
('R039', 428, 2),
('R040', 187, 1),
('R041', 156, 1),
('R042', 395, 2),
('R043', 237, 1),
('R044', 263, 2),
('R045', 80, 2),
('R046', 78, 1),
('R047', 219, 2),
('R048', 164, 1),
('R049', 309, 2),
('R050', 300, 2),
('R051', 170, 1),
('R052', 272, 2),
('R053', 232, 2),
('R054', 159, 2),
('R055', 42, 1),
('R056', 325, 1),
('RateID', 0, 0);

-- -------------------------------
-- Table: bill 
CREATE TABLE bill (
  BillID VARCHAR(11)  NOT NULL,
  CustomerID VARCHAR(11)  NOT NULL,
  Electric_bill FLOAT DEFAULT NULL,
  Water_bill FLOAT NOT NULL,
  Rental_bill FLOAT NOT NULL,
  RateID VARCHAR(11)  NOT NULL,
  PRIMARY KEY (BillID),
  FOREIGN KEY (CustomerID) REFERENCES customer(CustomerID)
    ON DELETE CASCADE ON UPDATE CASCADE,
  FOREIGN KEY (RateID) REFERENCES rate(RateID)
    ON DELETE CASCADE ON UPDATE CASCADE
) ENGINE=InnoDB DEFAULT CHARSET=utf8mb4 COLLATE=utf8mb4_general_ci;

INSERT INTO `bill` (`BillID`, `CustomerID`, `Electric_bill`, `Water_bill`, `Rental_bill`, `RateID`) VALUES
('B66101', 'AP1001', 504, 100, 6, 'R001'),
('B66102', 'AP1002', 1, 100, 5, 'R002'),
('B66103', 'AP1003', 1, 100, 5, 'R003'),
('B66104', 'AP1004', 1, 100, 6, 'R004'),
('B66105', 'AP1005', 496, 200, 5, 'R005'),
('B66106', 'AP1006', 1, 100, 6, 'R006'),
('B66107', 'AP1007', 392, 100, 5, 'R007'),
('B66108', 'AP1008', 488, 100, 7, 'R008'),
('B66109', 'AP1009', 2, 200, 5, 'R009'),
('B66110', 'AP1010', 696, 100, 5, 'R010'),
('B66111', 'AP1011', 528, 100, 6, 'R011'),
('B66112', 'AP1012', 392, 100, 5, 'R012'),
('B66113', 'AP1013', 1, 100, 5, 'R013'),
('B66114', 'AP1014', 840, 100, 5, 'R014'),
('B66115', 'AP1015', 1, 200, 5, 'R015'),
('B66116', 'AP1016', 552, 100, 6, 'R016'),
('B66117', 'AP1017', 560, 100, 7, 'R017'),
('B66118', 'AP1018', 1, 100, 6, 'R018'),
('B66119', 'AP1019', 1, 200, 6, 'R019'),
('B66120', 'AP1020', 536, 200, 6, 'R020'),
('B66121', 'AP1021', 1, 100, 6, 'R021'),
('B66122', 'AP1022', 112, 100, 6, 'R022'),
('B66123', 'AP1023', 264, 100, 5, 'R023'),
('B66124', 'AP1024', 1, 100, 6, 'R024'),
('B66125', 'AP1025', 1, 100, 5, 'R025'),
('B66126', 'AP1026', 520, 100, 6, 'R026'),
('B66127', 'AP1027', 1, 200, 5, 'R027'),
('B66128', 'AP1028', 1, 100, 6, 'R028'),
('B66129', 'AP1029', 1, 100, 6, 'R029'),
('B66130', 'AP1030', 1, 200, 6, 'R030'),
('B66131', 'AP1031', 2, 100, 12, 'R031'),
('B66132', 'AP1032', 2, 200, 6, 'R032'),
('B66133', 'AP1033', 728, 100, 5, 'R033'),
('B66134', 'AP1034', 1, 100, 6, 'R034'),
('B66135', 'AP1035', 2, 100, 5, 'R035'),
('B66136', 'AP1036', 2, 200, 6, 'R036'),
('B66137', 'AP1037', 256, 100, 5, 'R037'),
('B66138', 'AP1038', 840, 200, 6, 'R038'),
('B66139', 'AP1039', 3, 200, 10, 'R039'),
('B66140', 'AP1040', 1, 100, 6, 'R040'),
('B66141', 'AP1041', 1, 100, 6, 'R041'),
('B66142', 'AP1042', 3, 200, 12, 'R042'),
('B66143', 'AP1043', 1, 100, 5, 'R043'),
('B66144', 'AP1044', 2, 200, 6, 'R044'),
('B66145', 'AP1045', 640, 200, 5, 'R045'),
('B66146', 'AP1046', 624, 100, 6, 'R046'),
('B66147', 'AP1047', 1, 200, 5, 'R047'),
('B66148', 'AP1048', 1, 100, 6, 'R048'),
('B66149', 'AP1049', 2, 200, 10, 'R049'),
('B66150', 'AP1050', 2, 200, 6, 'R050'),
('B66151', 'AP1051', 1, 100, 5, 'R051'),
('B66152', 'AP1052', 2, 200, 6, 'R052'),
('B66153', 'AP1053', 1, 200, 5, 'R053'),
('B66154', 'AP1054', 1, 200, 6, 'R054'),
('B66155', 'AP1055', 336, 100, 5, 'R055'),
('B66156', 'AP1056', 2, 100, 6, 'R056');


COMMIT;